"代號","名稱","成交","漲跌幅","一個月最低股價","三個月最低股價","半年最低股價","一年最低股價","5日累計漲跌(%)","一個月累計漲跌(%)","三個月累計漲跌(%)","半年累計漲跌(%)","一年累計漲跌(%)","21W46外資買賣超張數","21W46外資買賣超佔成交(%)","一個月最高股價","三個月最高股價","半年最高股價","一年最高股價"
="0050","元大台灣50","140.95","+0.89","135.2","130.2","128","110.4","+1.26","+3.45","+4.14","+11.4","+29","+12,834","+35","141.25","143.5","143.5","143.5"
="0056","元大高股息","32.43","+0.71","30.59","30.59","30.59","28.68","+0.12","+0.37","-1.31","-0.98","+13.7","+13,103","+8.64","32.52","33.59","36.05","36.17"
"00632R","元大台灣50反1","5.33","-0.74","5.31","5.31","5.31","5.31","-1.48","-4.99","-6.49","-17.5","-32.2","+1,151","+0.24","5.64","5.9","6.36","7.78"
"00637L","元大滬深300正2","21.55","-0.37","20.43","18.84","18.84","18.84","-1.42","-6.39","-2.27","-21.4","-8.1","+5,719","+2.51","23.77","23.77","30.25","37.59"
"00642U","期元大S&P石油","14.02","-0.78","13.85","10.86","10.54","7.45","-2.16","-1.06","+20.1","+26.3","+87.7","+1,341","+4","14.75","14.75","14.75","14.75"
"00664R","國泰臺灣加權反1","6.03","-0.66","6.02","6.02","6.02","6.02","-1.47","-5.19","-6.8","-17.8","-32.5","0","0","6.39","6.69","7.22","8.84"
"00676R","富邦臺灣加權反1","3.29","-0.9","3.28","3.28","3.28","3.28","-1.5","-5.46","-6.53","-17.8","-32.2","-9","-0.04","3.49","3.65","3.94","4.81"
="00692","富邦公司治理","36.75","+0.88","34.9","33.51","32.82","28.2","+1.52","+4.73","+5.57","+11.8","+31.4","-991","-5.91","36.78","36.78","36.78","36.78"
="00713","元大台灣高息低波","45.69","+0.82","43.74","42.37","39.17","33.64","+0.86","+4.27","+5.89","+17.3","+30.5","-1,282","-3.2","45.71","45.71","45.71","45.71"
"00715L","期街口布蘭特正2","11.17","-1.15","10.99","7.04","6.75","3.3","-4.2","-6.21","+41.2","+50.3","+241","-2,053","-1.2","12.29","12.29","12.29","12.29"
="00731","FH富時高息低波","63.2","+2.1","60.6","56.6","54.05","46.6","+2.6","+4.29","+8.87","+16.8","+30.8","0","0","63.35","63.35","63.35","63.35"
="00878","國泰永續高股息","18.85","+0.64","18.14","17.35","17.35","15.01","+1.62","+3.8","+5.31","+9.4","+25.9","+719","+0.86","18.88","18.88","18.88","19.28"
="00881","國泰台灣5G+","18.16","+0.89","16.86","16.38","16.26","","+2.25","+6.82","+6.57","+12.7","","+17,475","+13.3","18.22","18.22","18.45",""
="00882","中信中國高股息","13.71","-1.44","13.38","13.38","13.38","","0","-5.19","-4.13","-13.9","","-29,357","-15.2","14.64","15.21","16.22",""
="00885","富邦越南","17.52","+0.86","16.51","15.9","15.08","","+0.11","+3.98","+6.57","+16.2","","+3,437","+11.5","17.58","17.58","17.58",""
="00888","永豐台灣ESG","15.72","+0.51","15.04","14.83","14.06","","+1.03","-0.51","+2.21","+14.4","","-73","-0.31","15.92","16.58","16.58",""
="00891","中信關鍵半導體","16.97","+1.92","15.15","14.71","","","+3.54","+11.8","+11.1","","","+143","+0.2","17","17","",""
="00892","富邦台灣半導體","17.05","+1.55","15.5","14.76","","","+2.83","+9.65","+11.1","","","-256","-0.78","17.1","17.1","",""
="00893","國泰智能電動車","17.63","-0.84","15.36","14.17","","","-2.11","+15.4","+17.8","","","-10,967","-8.1","18.3","18.3","",""
="00894","中信小資高價30","15.73","+1.29","14.37","13.92","","","+2.14","+9.24","+7.96","","","+663","+4.24","15.77","15.77","",""
="00895","富邦未來車","18.24","-0.71","15.76","14.24","","","-2.41","+16.8","+22.1","","","-6,167","-8.68","18.97","18.97","",""
="00896","中信綠能及電動車","15.09","+0.47","14.43","","","","+0.94","+4.21","","","","+1,172","+3.44","15.13","","",""
="00897","富邦基因免疫生技","14.21","+0.07","14.16","","","","-2","-2","","","","-7,417","-34.3","15.02","","",""
="020025","統一亞洲半導體N","8.28","+1.85","7.59","7.34","","","+2.35","+8.66","+6.7","","","0","0","8.29","8.41","",""
="1101","台泥","48.6","-0.21","47.85","45.7","45.65","40.15","-0.72","-2.99","+1.36","+1.46","+15","+5,390","+10.3","50.2","52","54.5","58.7"
="1102","亞泥","45.25","-0.66","44","43","43","40","+0.78","-0.55","+1.46","-6.6","+3.55","+1,857","+7.8","45.75","46.65","54","54.3"
="1216","統一","68","+1.04","66.6","66.3","66.3","64.2","+0.89","-0.15","-3","-6.34","-0.58","-16,865","-40.7","68.4","73","76","76.9"
="1217","愛之味","10.4","-1.89","10.1","9.96","9.96","7.79","+0.97","+2.97","+0.97","-19.1","+33.5","+1,296","+12.8","10.7","11.1","14.6","14.6"
="1301","台塑","107","-0.47","104.5","95.6","92.8","85.2","-2.73","-6.55","+7.75","+14.6","+23","-3,218","-5.54","116","121","121","121"
="1303","南亞","85.9","-0.12","83.9","81.6","78.1","63.7","+0.23","-3.7","0","+10.3","+34","+3,436","+7.75","90","93.1","93.1","93.1"
="1304","台聚","33.95","-2.44","33.6","29.6","28.7","18.4","-1.16","-7.87","+11.3","+20.8","+76.4","-3,257","-7.36","38.8","42.8","44.85","44.85"
="1305","華夏","35.5","-1.11","35.5","34.2","29.5","22.15","-2.2","-9.78","-2.47","+22.4","+53.7","-21,133","-29.3","41.25","47.95","47.95","47.95"
="1308","亞聚","38.25","-1.54","38","33.05","25.05","18.5","-3.29","-12.3","+10.4","+54.5","+94.2","-12,331","-13.2","45.4","52.6","52.6","52.6"
="1310","台苯","17.8","-1.66","17.55","17.55","17","16","-3.26","-2.2","-9.18","+5.64","+5.64","-590","-3.18","18.6","22.65","24.95","24.95"
="1312","國喬","28.8","-2.54","26.3","26.3","23.5","20.4","+3.41","+5.88","-3.68","+19.8","+24.9","+10,412","+14.4","29.9","31.75","36.15","36.15"
="1314","中石化","13.05","-0.38","12.05","11.9","11.35","8.61","+3.16","+8.3","0","+15","+45.8","+3,197","+0.99","13.7","13.7","16.3","17.3"
="1316","上曜","18.8","+3.87","13.7","11.3","10.35","10.05","+5.32","+31.9","+58","+84.3","+60.7","-4,803","-2.67","20","20","20","20"
="1326","台化","81.3","-0.25","80","79.1","79.1","77","+0.74","-1.93","0","+0.49","+5.72","-5,775","-32.8","83.5","84.9","89.7","95.5"
="1402","遠東新","30","-0.5","28.9","28.15","28.15","26","+1.87","+2.39","+3.27","+1.18","+8.7","+5,493","+13.8","30.4","30.4","33.75","35.55"
="1409","新纖","20","-0.5","18.7","18.35","18.2","11.8","+2.04","+6.67","+1.52","+12.4","+66.7","+7,973","+24.2","20.3","21.8","23.9","26.4"
="1440","南紡","24.25","-3","20.85","20.6","20.6","12.45","+3.63","+14.7","+10.2","+9.73","+69.6","-6,802","-3.38","26.55","26.55","32.65","35.3"
="1444","力麗","11.4","-1.3","10.85","10.15","10.15","10.15","-3.39","+5.07","+8.06","+11.8","-9.52","-3,038","-11.1","12.3","12.65","14.5","16.15"
="1447","力鵬","10.35","-4.17","9.95","9.66","9.66","7.52","-5.05","+4.23","-1.43","+4.02","+34.1","-1,223","-4.29","11.4","11.75","14.4","16"
="1455","集盛","16.9","-0.29","16.8","16.65","16.65","8.68","-0.59","-0.29","-13.1","-10.8","+96.1","-3,717","-6.91","18.45","21.5","28.7","28.7"
="1513","中興電","43.95","+0.8","39.05","39.05","39.05","39.05","+4.52","-3.93","-5.38","-1.57","-9.47","+4,008","+17.1","46.8","49.95","54.3","65.9"
="1517","利奇","28.4","-1.73","23.65","23.35","21.05","12.3","+6.37","+16.6","+13.1","+34.9","+97.9","+1,378","+5.09","29.45","29.95","34","35.5"
="1560","中砂","88","+5.77","69.6","62.2","59.3","57.6","+4.64","+26.6","+34.8","+50.4","+47.9","+740","+4.56","88.7","88.7","88.7","88.7"
="1605","華新","27.5","-0.36","25.35","23.1","21.35","16.3","-0.18","+9.13","+8.27","+31.9","+54.9","+10,596","+15.1","28.2","28.2","30.85","32.35"
="1609","大亞","25","-4.58","24.65","23.3","22.6","17.2","-8.26","-1.19","+1.01","+13.1","+29.2","-6,710","-12","28.45","28.45","32","36.8"
="1708","東鹼","31.65","-1.56","29.8","28.35","24.85","21.5","+1.77","+1.61","-7.32","+28.4","+40.4","+3,224","+19.7","36.8","39.9","43.85","43.85"
="1709","和益","22.8","-0.44","20.1","18.65","16.45","13.85","+9.62","+11.8","+13.4","+39","+59.4","+16,281","+38.6","23.65","23.65","23.65","23.65"
="1710","東聯","24","-2.83","22.7","19.9","18.7","16.85","-0.83","+7.62","+15.4","+28.3","+38.7","+6,540","+5.18","27.7","27.7","27.85","27.85"
="1711","永光","28.05","+0.18","24.7","17.65","17.2","15.1","+2","+5.85","+55.8","+52.9","+69.5","-15,072","-1.79","32.45","32.45","32.45","32.45"
="1714","和桐","10.9","+0.93","10.2","9.95","9.95","8.96","+3.32","+4.81","-1.36","-10.7","+7.92","+5,591","+22.2","11.15","11.4","13.5","13.5"
="1717","長興","37.75","-0.4","36","34.8","34.8","32.7","+0.27","+3","+7.7","+13","+10.7","-1,803","-2.38","39.6","40.6","44","47.1"
="1718","中纖","10.2","-0.97","10","9.51","8.77","8.21","-1.92","-1.92","+3.45","+17.6","+15.8","+11,244","+10.7","11.95","11.95","12.55","14.15"
="1721","三晃","23.8","0","15.2","8.95","8.95","8.95","+12.5","+43.8","+159","+160","+138","-2,112","-0.64","28","28","28","28"
="1722","台肥","69.5","-1.84","66.8","55.1","53.9","49.95","-0.43","+2.96","+21.3","+28.7","+30.9","-1,903","-4.86","73.2","73.2","73.2","73.2"
="1725","元禎","39.25","+9.94","25","19.55","17.15","14","+39.2","+54.2","+98.7","+129","+177","+142","+0.51","40.15","40.15","40.15","40.15"
="1727","中華化","54.5","-2.68","41.1","15.75","11.55","10.35","+11.6","+37.6","+212","+374","+409","-1,166","-0.33","61.6","61.6","61.6","61.6"
="1785","光洋科","56.7","+4.81","49.7","44.05","40.1","39.1","+11.2","+13.5","+26.6","+44.3","+25.6","+3,028","+3.19","58.9","58.9","58.9","62.4"
="1802","台玻","27.5","-1.08","26.8","26.3","26.25","14.1","-4.01","-0.9","-21.3","+6.38","+96.4","-35,879","-27.1","30.4","37.8","47.9","47.9"
="1815","富喬","17.4","+3.26","16.3","15.1","12.7","10.05","-1.14","+6.75","+1.46","+38.1","+72.3","-1,783","-6.81","18.3","19.25","22.8","22.8"
="1904","正隆","35","+1.45","33","32.7","32.7","28.2","-0.43","+3.24","-7.53","-6.67","+7.36","-2,747","-14.2","35.9","39.15","51.5","51.5"
="1905","華紙","22.7","-0.87","21.5","21","20","9.72","-3.61","+2.95","-6.97","+12.7","+132","+3,808","+17.7","23.75","27.3","33.6","33.6"
="1907","永豐餘","33.45","+1.06","31","30.25","29.85","21.8","+0.6","+6.53","-7.21","+13","+49.7","-1,688","-8.76","34.2","38.65","51.8","51.8"
="1909","榮成","25","-1.38","23.1","22.85","19.35","16.75","-1.96","+5.93","-11.3","+26.6","+48.4","+6,996","+24.1","26.1","30.8","33.6","33.6"
="2002","中鋼","33.65","-1.75","32.9","32.25","32.25","21.5","-2.18","+1.36","-10.6","+6.32","+55.8","+11,843","+3.67","35","40.35","41.35","46.75"
="2006","東和鋼鐵","42.25","+0.12","38.25","37","37","30.4","+1.56","+9.17","-4.09","-1.29","+38.1","-3,050","-10.1","43","46.3","59.7","64.7"
="2014","中鴻","34.75","-2.25","33.3","33.3","33.3","10","-4.14","-4.27","-27.3","-6.71","+241","-38,062","-19.7","37.95","48.45","64.7","64.7"
="2022","聚亨","14.2","-1.73","13.65","13.65","11.3","5.12","-4.38","-5.96","-20.9","+19.8","+178","-6,984","-17.5","15.95","20.2","27.6","27.6"
="2023","燁輝","25.25","-2.88","24","24","18.55","10.45","-5.96","-4.54","-21.6","+38.7","+140","-26,350","-15.3","28.2","34.15","41.6","41.6"
="2027","大成鋼","46.75","-3.21","40.1","40.1","36","23.35","+0.86","+4.12","-7.24","+36.1","+93.6","+951","+0.24","51.3","52.2","63.7","63.7"
="2028","威致","42.45","-1.51","34.75","34.75","27.5","13","+7.47","+15.5","-21.4","+59.9","+234","-2,267","-6.18","45.5","54","67.8","67.8"
="2030","彰源","30.55","-3.02","27.55","27.55","16.05","10.45","-3.78","+3.91","-14.7","+93.4","+188","-7,295","-7.73","33.5","39.4","52.8","52.8"
="2031","新光鋼","56.8","-2.57","55","54.8","52.5","31.9","-5.33","-0.87","-17","+11.4","+73.2","-3,084","-12.1","62","73.7","94.6","94.6"
="2038","海光","35.6","-5.94","31.75","30.15","24.5","9.75","+3.79","+6.75","-17","+50.2","+261","-2,935","-4.26","40.8","46.2","69.3","69.3"
="2069","運錩","35.85","+0.84","30.35","30.1","19.25","15","+4.52","+14.9","-4.53","+92.2","+139","-1,677","-3.46","37","42.75","48.8","48.8"
="2103","台橡","32.95","+1.38","29.7","29","27.6","19.5","+1.85","+11.7","+8.03","+20.5","+58.4","+2,271","+6.66","33.05","33.05","37.7","40.4"
="2104","國際中橡","28.45","+5.37","22.8","22.15","22.15","21.4","+14.3","+24.8","+25.1","+26.7","+29.3","-1,465","-13","29.7","29.7","29.7","32.9"
="2105","正新","35.05","+1.74","34","33.65","33.65","33.65","+0.72","+0.57","-10.5","-15.1","-12.3","-3,504","-13.7","35.6","39.8","48.65","59.1"
="2201","裕隆","41.9","+0.12","40.65","36.05","36.05","35.7","+0.96","-5.31","+10.8","+16.4","+15.6","+2,064","+8.87","44.6","45.35","45.35","53.1"
="2301","光寶科","61.8","+0.49","60.2","56.6","56.1","47.3","+0.16","-4.78","+5.46","+1.15","+31.3","-4,554","-25.3","65.5","65.8","67.3","67.9"
="2303","聯電","63.4","+1.28","57.2","54.4","46","31.75","+1.44","+7.28","+11","+44.3","+103","+59,457","+7.59","64.9","72","72","72"
="2308","台達電","260","-0.38","241","234.5","234.5","199.5","+0.19","+8.33","-6.81","-2.44","+29.7","-1,792","-6.27","268","281.5","335","335"
="2312","金寶","14.2","+3.27","12.05","11.35","11.35","10.65","+0.35","+17.4","+18.8","+17.8","+27.4","+5,799","+6.7","14.75","14.75","14.75","18.8"
="2313","華通","42.1","+2.06","36.8","34.85","33.3","31.7","+1.69","+13.3","+8.09","+26.6","-9.85","+248","+0.44","43.15","43.15","47.9","49.55"
="2314","台揚","88.7","+9.91","65.4","44.8","27.3","23.5","+11.6","+27.1","+94.5","+228","+275","-3,508","-6.95","88.7","88.7","88.7","88.7"
="2317","鴻海","108","-0.92","106.5","101","101","81.5","+0.47","-1.37","+0.47","+9.98","+32.7","+2,849","+2.51","111","113","120","134.5"
="2323","中環","8.92","-1","8.5","8.02","8.02","7.93","-2.83","+4.82","-5.41","-1.44","+10.4","+3,396","+12.1","9.25","10.2","10.65","12.5"
="2324","仁寶","23.7","-0.84","23.5","21.75","21.25","19.05","-2.87","-1.46","+9.22","+8.22","+24.1","-25,247","-34.6","24.85","24.85","25.45","27.95"
="2327","國巨","442","+2.91","407.5","397.5","397.5","393.5","+5.49","+6","-10.2","+6.38","+11.3","+1,396","+11.8","446","498","615","644"
="2328","廣宇","39.8","+0.38","39.55","35.9","33.8","18","-0.38","-8.51","+2.58","+21","+119","-3,079","-10.4","43.55","43.55","46.3","50.3"
="2329","華泰","25.75","+1.38","23.55","22.25","13.8","11.3","+1.78","+7.07","-5.5","+90.7","+128","-2,686","-5.9","26.4","30.8","33.3","33.3"
="2330","台積電","608","+0.66","585","551","551","469","+1","+1.33","+4.11","+10.7","+31.6","+25,397","+20.6","617","638","638","679"
="2331","精英","21.3","-3.18","21.3","18.9","18.9","17","-10.1","-6.17","+8.4","0","+19.7","-3,132","-8.25","24.4","26.25","26.25","36.2"
="2337","旺宏","42.85","-0.12","34.2","34","34","31.55","+6.2","+18.7","+12.9","+22.8","+36.7","+36,196","+20.5","43.8","43.8","48","50"
="2338","光罩","104","+9.59","76.1","69.3","64","30.4","+11","+35.2","+38.5","+68.3","+250","+2,062","+1.89","104","104","114","114"
="2340","光磊","45","+5.88","31.2","29.25","22.65","21.85","+3.93","+42","+42.9","+101","+77.2","-15,753","-12.6","50.4","50.4","50.4","50.4"
="2342","茂矽","47","+3.18","40.55","37.95","26.9","26.3","+8.42","+14.5","+12.7","+78.7","+58.2","+1,092","+9.07","49.95","50.6","55.6","55.6"
="2344","華邦電","30.15","+2.73","24","23.75","23.75","17","+10.2","+17.1","+3.61","+17.5","+73.3","+23,627","+9.73","30.5","31.6","38.5","38.9"
="2345","智邦","280.5","-2.6","232","226","226","226","-0.71","+14.5","+4.86","+2.75","+22.2","+293","+1.55","298","303","354","354"
="2347","聯強","57.8","0","51.8","50.5","49.8","42.4","+1.94","+10.9","+9.89","+3.21","+36.5","-404","-1.59","58.8","58.8","62.3","62.3"
="2351","順德","176","+10","138","116.5","77.3","65","+11.4","+25.3","+33.8","+135","+172","-1,233","-4.43","200","200","200","200"
="2352","佳世達","31.2","-7","29.85","27.4","27.1","20.9","-3.26","+2.97","+5.41","+18.2","+50.7","+3,802","+9.46","33.7","33.7","33.7","38.75"
="2353","宏碁","27","+0.75","25.05","23.45","23.45","22.35","+2.08","+7.36","+10.9","-4.42","+19.7","-1,532","-2.49","27.3","27.3","33","35.85"
="2354","鴻準","68","-1.31","66.5","62.7","59.3","51","-2.3","-3.95","+6.42","+17.6","+33.3","+4,966","+15.4","71.8","71.8","71.8","79.6"
="2356","英業達","26.65","+0.57","26","23.4","23.1","22.65","+0.76","+0.38","+12.2","+9.45","+16.4","+6,343","+22.6","26.95","26.95","27.6","28"
="2363","矽統","25.5","+2","23.5","22.2","17.6","11.1","+0.39","+6.92","+2.41","+49.6","+128","-6,037","-6.62","26.4","30.6","31.8","31.8"
="2367","燿華","19.7","+9.75","16.9","16.05","16.05","16.05","+9.14","+16.6","+5.91","+9.14","-5.97","-1,773","-13.7","19.7","20.4","24.75","24.75"
="2368","金像電","77.1","+5.76","63.6","56.5","47.1","38.65","+11.9","+17.9","+24.8","+59.8","+74.8","+11,030","+13.1","77.6","78.9","83.6","83.6"
="2369","菱生","25.6","+4.28","24.35","23.2","13.85","11.25","-0.78","+3.23","-0.97","+88.9","+128","-3,883","-7.97","27.2","31","32.3","32.3"
="2371","大同","31.65","-2.31","31.2","24.8","20.7","18.7","-8.53","-11.6","+26.9","+54","+63.1","-9,943","-4.27","36.2","36.2","36.2","36.2"
="2375","凱美","90.7","+4.86","80.2","75.8","75.8","56.5","+6.08","+10.9","-9.3","+2.02","+61.7","-241","-5.8","91.5","105","126.5","146.5"
="2376","技嘉","136","+0.37","103","80.5","80.5","73.6","+1.87","+27.1","+54.4","+27.7","+84.8","+8,290","+3.49","144.5","144.5","144.5","144.5"
="2377","微星","161","+1.58","138","117","117","117","+1.9","+16.2","+15.8","-3.01","+37.6","+4,721","+5.49","173","173","186","203"
="2382","廣達","86","+3.61","77.6","73.2","72.5","72.5","+5.52","+9.69","+17.5","-2.6","+20.3","+2,267","+5.85","86.3","86.3","92","102"
="2388","威盛","94.5","-4.55","40.55","38.05","38.05","37.4","+23.5","+132","+89.2","+137","+152","+7,463","+1.29","103.5","103.5","103.5","103.5"
="2390","云辰","21.75","+2.59","19.1","17.85","17.85","12.45","+2.59","+9.02","-20.9","-4.81","+45","+729","+9.15","23.1","28.9","34.05","34.05"
="2399","映泰","23.5","-1.47","19.75","17.1","17.1","13.2","+2.17","+23","+7.55","+19.9","+35.8","-1,426","-1.24","25.65","25.65","30.4","42"
="2401","凌陽","41.05","+0.12","33.3","30.6","23.65","14.5","+6.49","+20.7","+11.1","+75.4","+187","+4,665","+4.17","43.8","45.35","47.55","47.55"
="2406","國碩","23.15","0","22.9","20.2","16","14.5","-2.94","-2.73","+7.67","+47","+6.19","+13","+0.03","27.45","27.45","29.3","29.3"
="2408","南亞科","70.3","+2.33","61.8","59.4","59.4","59.4","+3.99","+10.4","+6.03","-1.95","+13","+3,499","+5.79","70.6","70.6","84.6","105"
="2409","友達","20.3","0","16.7","16.25","16.25","10.4","-3.79","+17","+2.01","+1.5","+92.4","-13,148","-2.19","21.4","21.4","26.8","35.55"
="2412","中華電","113","+0.44","110","109","109","108","+1.35","+1.8","-3.83","+0.44","+2.73","-1,170","-2.78","113","117.5","118.5","118.5"
="2419","仲琦","24.75","+6.45","18.7","17.9","17.9","17.9","+6.91","+32.4","+38.3","+29.9","+19.3","+37","+0.1","25.25","25.25","25.25","27.5"
="2426","鼎元","27.1","+3.44","21.7","19.7","19.7","15.45","+5.04","+23.5","+8.4","+29.4","+65.7","+1,850","+16.3","28.8","28.8","31","32.6"
="2436","偉詮電","108","+5.37","70.4","65","54.5","31.8","+30.9","+47.1","+53.8","+103","+233","+16,584","+7.93","109","109","109","109"
="2449","京元電子","42.15","+0.12","37.85","36.4","36.4","32.2","+0.48","+10.6","-5.7","+6.84","+31.1","+6,896","+14.9","42.6","47.25","51.4","52"
="2454","聯發科","1025","+4.27","860","839","839","681","+4.59","+19.6","+13.8","+12.1","+51.9","+6,546","+21.6","1035","1035","1035","1185"
="2455","全新","135","+0.75","119.5","109.5","93.5","88.7","+1.5","+11.1","+14.4","+45.5","+53.4","+985","+6.73","149","149","153.5","153.5"
="2457","飛宏","38.4","+3.23","31.3","27.95","26.05","11.3","+8.17","+20.6","+12.6","+50","+237","+763","+1.15","39.8","39.8","45","48.95"
="2458","義隆","170","+4.29","147.5","141","141","129.5","+3.03","+13.7","+6.25","-9.57","+28.3","-1,546","-15.2","174","174","215","228.5"
="2460","建通","26","+5.48","21.15","19.8","19.8","13.7","+21.5","+16.9","-2.07","+0.58","+81.8","+384","+6.8","27","28","37.15","44.5"
="2461","光群雷","22.95","+2.91","18.9","18.45","18.05","16","+10.9","+20.5","+1.32","+29.7","+42.5","+725","+7.39","23.3","24.5","25.45","25.45"
="2465","麗臺","73.2","+0.27","60.6","52","37.5","16.05","-3.56","+15.5","+16.7","+94.9","+292","-311","-0.38","82","82","98","98"
="2476","鉅祥","62.8","+5.19","55.9","46.8","29.3","19.1","+3.8","+8.09","+23.6","+118","+229","-916","-2.69","69","69","69","69"
="2481","強茂","100.5","0","91.3","78","40.75","38.6","+1.31","+9.96","+1.62","+154","+160","-9,942","-5.54","125","125","125","125"
="2484","希華","38.75","+9.93","30.45","28.45","23.1","20.85","+13.6","+25.4","+9.46","+69.6","+85.9","+2,140","+12","38.75","38.75","40.45","40.45"
="2485","兆赫","21.2","0","17.8","17","17","16.7","-2.08","+18.4","+17.8","+23.3","+15.8","-663","-1.72","22.8","22.8","24.5","27"
="2486","一詮","61.8","+1.64","49.9","42.8","24.8","13.75","+11","+22.9","+23.6","+153","+349","+3,855","+4.66","67.5","67.5","67.5","67.5"
="2489","瑞軒","17.7","-1.67","17.15","16.35","14.65","10.6","-7.57","+0.85","+4.12","+22.9","+65.4","+1,574","+4.61","19.55","19.55","19.55","22.7"
="2491","吉祥全","22.3","-1.98","19.3","18.25","18.25","8.63","-14.6","+12.6","-2.19","+9.31","+155","-19","-0.23","26.4","26.4","41.8","41.8"
="2492","華新科","160","+3.56","141","138","138","138","+5.61","+9.59","-14.9","-13","-14.4","-1,626","-7.26","164","191","227.5","291.5"
="2498","宏達電","90.9","0","35.75","33.7","32.65","27.7","+18.1","+160","+150","+183","+218","-964","-0.35","97.3","97.3","97.3","97.3"
="2504","國產","28.15","+1.08","24","21.1","21.1","20.6","+12.6","+15.4","+30.3","+34.7","-0.53","+2,734","+3.44","28.15","28.15","28.15","30.9"
="2511","太子","13.45","-0.37","12.75","12.4","11.05","10.65","+4.26","+5.49","+5.08","+22.3","+24","-1,106","-6.28","13.8","14.6","14.6","14.6"
="2515","中工","8.94","-1.54","8.56","8.22","8.09","7.56","-2.3","+4.2","+3.59","+11.2","+17.6","-9,095","-14.8","9.5","9.5","9.5","11.8"
="2524","京城","48.4","+10","36","31.9","31.9","31.9","+29.9","+28.6","+40.7","+36.9","+25.4","-1,510","-16.8","48.4","48.4","48.4","48.4"
="2527","宏璟","32.85","+7.18","29.5","25.7","21.25","18","+5.12","+5.97","+18.8","+56.8","+80.5","-631","-14.4","33.15","33.15","33.15","33.15"
="2537","聯上發","11","+8.37","9.3","9.11","8.08","7.92","+10","+17.3","+18.3","+37.7","+5.77","+1,186","+6.14","11.15","11.15","11.15","11.15"
="2542","興富發","47.65","-0.31","44.4","44.15","41","40.4","+5.89","+6.48","-0.94","+16.8","+9.79","+6,097","+19.6","48.7","49.1","49.8","49.8"
="2601","益航","12.8","-1.92","12.3","12.3","10.7","8.85","-4.48","-3.03","-17.2","+16.9","+40.5","+3,448","+6.93","13.8","18.55","26.5","26.5"
="2603","長榮","112","+0.45","85.5","85.5","65.2","20.1","-9.68","+19.3","-14.2","+77.5","+457","-35,137","-2.88","126.5","148","233","233"
="2605","新興","28.55","-2.23","26","26","21.85","14.7","-3.87","-7","-15.9","+33.1","+92.3","+636","+0.87","30.8","45","58.8","58.8"
="2606","裕民","54.2","-0.91","50","50","43.5","29.2","-1.81","-10.4","-7.82","+25","+83.7","+3,451","+4.31","59","75.9","96.4","96.4"
="2607","榮運","28.1","-2.43","25.85","25.85","17.3","14.8","-1.23","+1.63","-8.17","+64.3","+89.9","+1,171","+3.11","29.9","38.7","52","52"
="2609","陽明","105","-1.41","83.6","83.6","68.6","12.1","-11","+13.8","-16.7","+57.7","+740","-17,385","-2.07","120.5","144","234.5","234.5"
="2610","華航","26.4","+3.33","16.05","15.4","13.8","8.89","+25.7","+57.6","+54.4","+92.7","+197","+209,868","+7.91","26.5","26.5","26.5","26.5"
="2611","志信","20.55","-5.73","20.05","20.05","12.8","7","-8.26","-5.95","-22.3","+63.1","+190","+874","+3.73","23.75","36.9","46","46"
="2614","東森","34","-0.58","29.8","29.2","16.85","14.4","-1.16","+11.7","-6.46","+84.8","+94.8","-6,013","-5.78","38.95","41","71.3","71.3"
="2615","萬海","157","-1.26","146.5","146.5","80","31.1","-17.4","-2.48","-27","+101","+413","-15,709","-4.82","193","267","353","353"
="2617","台航","36.25","-2.55","34.25","34.25","29.65","16.95","-2.03","-3.46","-16.4","+20.8","+113","-5,742","-11.7","39.15","57.3","78","78"
="2618","長榮航","26.75","+1.33","18.1","17.05","13.2","11.75","+13.8","+44.6","+47","+103","+126","+96,403","+5.38","27.7","27.7","27.7","27.7"
="2633","台灣高鐵","29.15","-0.17","28.8","28.2","27.1","26.8","0","-0.68","+0.17","+7.96","-6.87","+1,133","+5.75","29.6","30.25","31.1","31.95"
="2636","台驊投控","133.5","-1.84","119.5","119.5","61.5","35.15","-3.96","+0.38","-26.8","+123","+260","+3,663","+7.23","149.5","193.5","321","321"
="2637","慧洋-KY","70.6","-3.55","63.8","63.8","53.2","21.65","-1.4","+3.67","-7.23","+31.5","+224","+5,668","+11.1","73.9","94.1","121","121"
="2801","彰銀","16.9","+0.6","16.4","16.1","15.95","15.95","+1.81","+2.42","+1.81","+3.36","-5.59","+1,835","+8.36","16.9","17.05","17.05","18.3"
="2812","台中銀","12","0","11.6","11.35","11.05","10.65","+0.42","+3","+0.84","+8.6","+9.09","+961","+4.93","12","12.25","12.25","12.25"
="2823","中壽","30.15","+1.86","28.75","27.95","22.9","20.15","+4.15","+1.86","+7.87","+34","+48.2","+5,418","+16.7","30.2","30.2","30.2","30.2"
="2834","臺企銀","9.61","+0.95","9.45","9.39","9.3","9.1","+1.37","+1.16","+0.63","+3.22","-2.24","-9,465","-17.4","9.66","9.84","9.88","10.3"
="2841","台開","3.6","-2.7","3.24","3.24","3.24","3.24","+8.43","-14.3","-39.6","-42.2","-51.7","-122","-1.11","4","6.03","7.35","7.98"
="2845","遠東銀","10.6","+0.47","10.4","10.3","10.25","10.2","+0.47","+1.92","-0.47","+2.91","0","+1,600","+16.7","10.6","11.15","11.15","11.2"
="2880","華南金","20.9","+0.72","20.15","19.4","17.65","17.15","+2.45","+3.47","+6.63","+18.8","+14.2","+5,855","+14.4","21","21.2","21.2","21.2"
="2881","富邦金","74","+0.95","72","72","66.8","44.1","+0.54","-1.46","-3.27","+12.8","+63.4","-6,793","-8.33","75.8","85.5","85.7","85.7"
="2882","國泰金","59.7","+1.36","57.3","53.2","50.3","39.9","+1.7","+2.4","+9.94","+22.7","+47.2","+1,358","+1.94","60.3","60.6","61","61"
="2883","開發金","15.6","+1.96","14.05","12.9","11.45","8.61","+9.09","+10.6","+13.9","+39.3","+80.6","+70,345","+18.3","15.85","15.85","15.85","15.85"
="2884","玉山金","27.95","+1.27","26.15","25.8","25","23.6","+3.9","+6.68","+4.68","+12","+7.09","+61,776","+49.4","27.95","27.95","27.95","27.95"
="2885","元大金","24.75","+1.02","23.7","23.15","23.15","18.6","+0.2","+0.2","+2.91","+6.91","+33.8","+3,351","+2.22","25.1","25.3","27.8","27.8"
="2886","兆豐金","33.95","+0.15","32.4","31","30.6","28.15","+1.04","+4.46","+9.34","+9.16","+15.7","+4,863","+7.95","34","34","34","34"
="2887","台新金","18.55","+0.54","18.05","16.75","13.85","12.5","+1.92","+1.92","+10.4","+34.4","+40.5","+5,007","+8.22","18.8","19.7","19.7","19.7"
="2888","新光金","10.1","+1","9.62","8.93","8.93","8.03","+2.75","+5.54","+10.6","+14.6","+18.4","+28,235","+9.92","10.15","10.15","10.15","10.5"
="2889","國票金","15.8","-0.32","15.65","15.45","15.45","11.9","+0.32","-0.94","-1.25","+0.64","+32.2","+587","+2.72","16.2","16.35","17.7","18.2"
="2890","永豐金","14.7","+1.03","13.85","13.3","12.65","10.95","+3.52","+6.14","+10.5","+16.7","+31.2","+26,790","+30.4","14.85","14.85","14.85","14.85"
="2891","中信金","24","+1.27","22.9","21.05","21.05","19","+2.56","+4.35","+12.1","+11.4","+22.4","+4,156","+3.6","24","24","24","24.05"
="2892","第一金","23.5","+0.43","22.6","21.95","21.2","20.2","+2.17","+3.98","+2.17","+11.4","+9.3","+3,316","+6.03","23.7","23.7","23.7","23.7"
="2897","王道銀行","7.93","+0.13","7.77","6.8","6.68","6.46","+0.13","+0.51","+15.3","+19.2","+21.4","+1,864","+23.9","8","8.68","8.68","8.68"
="2915","潤泰全","110.5","+5.24","87.8","84.2","79.3","67.9","+7.8","+26","+8.33","+41.3","+61.1","-83","-0.73","112.5","147.5","147.5","147.5"
="3003","健和興","100.5","+3.18","88.4","79.6","58.7","40.9","+6.8","+13.9","+18.5","+74.5","+143","+1,089","+4.96","104","109","109","109"
="3006","晶豪科","158","+0.96","115.5","110","100.5","41.25","+13.7","+33.9","+10.1","+61.7","+282","-360","-0.31","165.5","165.5","213","213"
="3014","聯陽","109","+1.87","97.1","92.2","92.2","66.6","+1.87","+11.5","-10.3","+16.6","+58.4","-905","-5.13","111","124","143.5","143.5"
="3016","嘉晶","105.5","+7.65","87.5","75","56.1","54.7","+9.21","+20.7","+30.1","+92.5","+74.7","-121","-0.33","114","114","114","114"
="3017","奇鋐","81.2","-0.37","72.3","66.8","58.1","52.5","+1","+11.4","+16.8","+42.5","+8.41","+4,647","+3.33","91.6","91.6","91.6","91.6"
="3019","亞光","94.3","+9.91","74.2","70","69.3","66.5","+12.1","+24.9","+18","+38.1","+36.9","-226","-1.54","94.3","94.3","101","101.5"
="3024","憶聲","13.45","-3.93","13.2","12.15","11.6","9.86","-6.92","-1.1","+7.17","+18.5","+18.5","-800","-4.13","15.3","15.3","15.3","18.05"
="3025","星通","27.3","+6.64","19.5","17.95","17.95","17.95","+6.85","+37.9","+39.6","+24.1","+36.5","-201","-1.47","27.85","27.85","28","45.95"
="3033","威健","31","-2.05","25.85","22.6","20.3","18","+9.15","+18.1","+33.3","+54.2","+67.1","-52","-0.02","33","33","33","33"
="3034","聯詠","470","+4.1","385.5","364","364","287.5","+2.96","+20.4","-4.18","+0.75","+61.2","-5,487","-12","477","498.5","582","656"
="3035","智原","198.5","+5.03","137.5","84.8","54.7","44.3","+9.67","+38.8","+115","+273","+348","-2,214","-1.18","219","219","219","219"
="3037","欣興","196","-2.97","126.5","115","94.1","73.8","+3.16","+55.6","+43.6","+111","+165","+6,992","+3.25","206.5","206.5","206.5","206.5"
="3041","揚智","31.1","+8.17","24.9","22.7","21.2","20.6","+12.1","+24.6","+15.6","+51","+12.1","+1,566","+13.1","31.6","31.6","34.1","37"
="3042","晶技","110.5","+8.33","96.6","94.4","89.2","71.5","+12.9","+13.1","-3.49","+25.1","+38.1","+19","+0.08","112","119","144.5","144.5"
="3051","力特","10.85","+3.83","8.5","8.28","7.38","4.6","+6.9","+25.6","-8.82","+54.3","+135","+841","+9","11.25","12.05","13.9","13.9"
="3058","立德","18.05","+2.27","13.3","12.7","12.7","7.89","+4.64","+36.2","+22","+43.3","+127","+135","+0.28","18.5","18.5","20.15","24.55"
="3059","華晶科","40.2","-1.23","32.6","30.4","28.2","26","+7.63","+19.1","+18.9","+43.8","+54.6","-5,075","-6.75","41.65","41.65","43","48.55"
="3060","銘異","25.5","-2.67","19.65","19","19","13.5","+8.05","+27.5","+17.8","+8.97","+88.2","-936","-4.85","27.2","27.2","32.8","37.35"
="3062","建漢","32.35","+9.85","18.3","16.6","15.1","14.55","+26.4","+75.8","+89.2","+119","+119","+986","+0.28","32.35","32.35","32.35","32.35"
="3122","笙泉","66.8","+9.87","40.05","37.25","28.2","13.2","+42","+66.2","+44.6","+139","+395","+1,030","+2.2","66.8","66.8","66.8","66.8"
="3141","晶宏","251.5","-5.81","158.5","118","50.8","33.85","+17.8","+58.7","+89.8","+407","+608","-1,331","-1.6","285","285","285","285"
="3167","大量","95","+4.17","71","64","56","42.6","+12","+30.9","+41.4","+67.3","+121","+945","+14.2","95.1","95.1","95.1","95.1"
="3169","亞信","223","+5.69","129","112","102","38.65","+30","+69.6","+62.2","+120","+475","+44","+0.09","231","231","231","231"
="3189","景碩","243","-3.19","205.5","159","88.1","73.1","+0.21","+15.7","+40.9","+169","+220","+6,164","+8.97","257.5","257.5","257.5","257.5"
="3207","耀勝","28.2","+5.42","17.3","11.75","9.64","9","+14.9","+53.3","+119","+196","+178","-1,139","-2.46","28.7","28.7","28.7","28.7"
="3221","台嘉碩","39.2","+9.96","28.95","26.1","18.25","17.75","+13.3","+37.5","+28.7","+119","+76.6","+3,336","+15.7","39.2","39.2","39.2","39.2"
="3228","金麗科","514","+3.52","376.5","286","190","90.4","+26.3","+34.2","+34.7","+168","+462","-212","-1.48","532","532","532","615"
="3231","緯創","28.75","-0.17","28.2","26.55","26.55","26.55","+1.05","+0.17","+7.68","+3.05","-5.12","-819","-1.77","30.05","30.05","33.15","34.8"
="3260","威剛","82","+1.61","76.3","72.6","72.6","58.2","-3.76","+6.08","-8.89","+5.67","+40.9","-1,367","-3.8","87.6","94.3","132","132"
="3264","欣銓","58.3","+1.92","55","51.9","36.55","34.7","-1.02","+2.82","+3.19","+61.3","+67.5","-1,843","-4.62","62.5","71.9","71.9","71.9"
="3305","昇貿","84","+8.25","56.4","43.1","36.5","24.95","+10.5","+48.9","+84.6","+130","+232","+1,324","+2.06","84.3","84.3","84.3","84.3"
="3317","尼克森","83.1","+3.88","63.1","59.5","49.4","39.05","+10.8","+30.7","+8.63","+73.5","+109","+1,597","+9.97","86.4","86.4","97.9","97.9"
="3362","先進光","74.8","+6.86","60","56.5","56.5","33.95","+10.5","+21","+8.88","+6.25","+109","-155","-2.94","77.9","83","105.5","140"
="3372","典範","26.65","-3.09","21","19.9","16.35","10","+10.1","+24.5","+9","+66.6","+151","-3,856","-6.63","28.95","29.1","33","33"
="3374","精材","144.5","+0.7","130.5","116","116","116","+4.71","+10.3","+7.43","+17","-17.4","-1,077","-2.97","151","153","192.5","219"
="3406","玉晶光","455.5","+1.67","381","370","370","369","+8.71","+18.6","-5.3","+23.4","-22.9","+1,168","+8.05","470.5","554","629","674"
="3419","譁裕","24.4","+9.91","14.9","13.6","13.6","13.6","+51.1","+62.7","+51.6","+59","+41.9","-76","-0.67","24.4","24.4","24.4","27.95"
="3481","群創","17.2","0","14.85","14.85","14.85","9.08","-6.78","+6.5","-12.5","-8.75","+86.3","-107,618","-14.9","18.5","20.3","25.05","32.55"
="3490","單井","32.35","+9.85","24.85","22.6","20.6","20.25","+19.6","+29.1","+39.7","+59","+9.48","+174","+4.21","32.35","32.35","32.35","38.6"
="3491","昇達科","180","+9.76","84.4","66.4","60","58.6","+20","+112","+166","+204","+158","-168","-0.73","180","180","180","180"
="3504","揚明光","136.5","+0.74","108","84.2","63.9","53","+2.63","+21.9","+56","+116","+122","-358","-0.8","151.5","151.5","151.5","151.5"
="3508","位速","59.2","+9.83","19.9","18.5","18.3","17.1","+60.7","+195","+196","+225","+238","+863","+0.25","59.2","59.2","59.2","59.2"
="3515","華擎","239","-1.04","162","125","125","125","+22.6","+48","+73.8","+68.3","+46.2","+292","+0.55","254.5","254.5","254.5","254.5"
="3530","晶相光","150","+5.63","124","122","88.3","85.8","+11.1","+11.9","-19.6","+74.8","+64.3","-19","-0.13","156","189.5","242.5","242.5"
="3545","敦泰","156.5","+0.97","138","133","133","56.1","+2.96","+11","-29.2","+5.39","+174","+683","+1.69","172","225","298","298"
="3556","禾瑞亞","83","+6.68","71.2","68.1","53.7","52.5","+14.6","+14.5","-11.6","+56.3","+53.4","+1,732","+23","83.5","101.5","120","120"
="3576","聯合再生","22.55","+1.35","22","19","12","11.2","-4.65","-0.88","+19.9","+91.9","+58.8","-3,674","-4.78","26.25","26.25","26.25","26.25"
="3581","博磊","31.35","+10","24","22.3","22","18.25","+19.2","+29","+26.7","+44.1","+72.7","+10","+0.43","31.35","31.35","31.35","35.3"
="3583","辛耘","85","+5.46","65.1","58.9","53.3","51.8","+14.6","+29","+33.9","+61.9","+42.6","+387","+1.45","87.5","87.5","87.5","87.5"
="3588","通嘉","163","+1.24","112","106.5","56.5","40.4","+24.9","+43.6","+35.8","+196","+295","+2,862","+4.86","173.5","173.5","173.5","173.5"
="3596","智易","119","+3.93","90.6","87.5","86.4","83.6","+3.03","+29.9","+33.4","+40","+19.1","-2,007","-3.27","120","120","120","128"
="3605","宏致","48.4","-5.65","42.2","40.4","35.45","30.75","+4.2","+11.5","-10","+39.1","+47.3","+59","+0.35","52.1","55.1","65.8","65.8"
="3673","TPK-KY","41.85","+1.33","37.15","36.7","36.7","36.7","+2.7","+12","+5.68","-3.57","-8.52","-621","-6.79","44.55","44.55","48.85","58"
="3675","德微","244.5","-2.2","178.5","128.5","84","64.5","-2.98","+33.2","+69.8","+201","+212","-119","-1.21","309","309","309","309"
="3701","大眾控","62.6","-2.95","41.05","16.35","13.4","12.75","+8.87","+43.7","+231","+333","+383","+589","+1.37","67.2","67.2","67.2","67.2"
="3704","合勤控","33.6","+5","24.05","21.75","21.75","21.75","+5.49","+35.5","+37.4","+33.6","+39.1","-42","-0.05","34.95","34.95","34.95","46.55"
="3706","神達","30.1","+1.35","28.05","26.85","26.05","25.3","+4.15","+6.36","+7.89","+17.3","+2.56","+1,313","+4.11","30.35","30.35","31.65","32.95"
="3707","漢磊","159","+6.71","125","81.3","50.3","28","+8.53","+23.7","+72.8","+223","+469","-536","-0.32","173.5","173.5","173.5","173.5"
="3711","日月光投控","105.5","+1.44","94.3","92.2","92.2","70.8","0","+9.67","-13.5","+2.43","+49.6","-16,714","-15.7","109","130","133.5","133.5"
="3712","永崴投控","34.3","-4.59","31.85","29.35","24.1","23.6","-1.01","+4.41","+11.5","+45.3","-9.5","+1,530","+17.9","37.3","38.55","42.9","42.9"
="3714","富采","77.5","+0.65","69.8","65.5","64","","+1.17","+10.1","-7.63","+19.6","","+2,285","+2.52","81.9","85.6","86.5",""
="4123","晟德","62.6","-0.32","58.1","55.5","55.5","55.5","-3.99","+5.39","-9.14","-4.86","-9.8","-307","-3.27","68.7","73.8","74","75"
="4141","龍燈-KY","22.85","+3.16","20.6","11.7","11.2","11","-6.35","-23.1","+82.1","+102","+104","-151","-0.66","29.95","30","30","30"
="4142","國光生","44.25","+2.19","43.3","42.25","42.25","42.25","0","+0.68","-8.67","-30.1","-27.9","-956","-13.3","45.2","56.2","63.8","70.4"
="4513","福裕","15.8","-0.94","12.7","9.28","8.85","8.18","+13.3","+8.97","+64.9","+79.7","+88.1","+1,122","+12.9","17","17","17","17"
="4721","美琪瑪","170","+3.66","121","100.5","51.5","50","+7.59","+36","+63.5","+236","+190","-1,612","-2.11","182","182","182","182"
="4739","康普","160","+5.61","119.5","97.5","59.8","54.3","+7.02","+30.1","+52.4","+174","+196","-2,096","-3.94","176.5","176.5","176.5","176.5"
="4904","遠傳","63.8","-0.47","61","60","60","59.8","+1.92","+3.57","+4.42","-0.62","+4.59","+6,545","+29.5","64.3","64.3","65.9","66.8"
="4915","致伸","53.5","+6.36","49.55","47.8","47.8","46","+7","+6.15","+5.94","+5.94","+13.7","-6,972","-45","53.5","53.5","64.8","67"
="4916","事欣科","32.6","+4.65","22.7","22.55","20.4","20","-6.46","+43.3","+32","+61.8","+54.9","+767","+2.87","36.4","36.4","36.4","36.4"
="4919","新唐","138.5","+4.14","120","115","58.2","41.7","+13.5","+13.5","+2.21","+142","+231","+3,157","+3.76","144","175","175","175"
="4927","泰鼎-KY","103.5","+4.65","73.7","53.6","45.1","44.55","+21.6","+36.2","+88.9","+132","+31.5","+6,642","+8.03","107","107","107","107"
="4934","太極","36.05","+2.71","34.75","26.4","20.7","20.7","+1.12","-0.69","+0.14","+73.7","+29","+93","+0.52","40.9","42","42","42"
="4938","和碩","68","+0.44","66.8","63.5","63.5","63.5","-0.73","+0.44","+5.43","-0.58","+6.08","-3,888","-12.9","70.9","70.9","75","84.5"
="4952","凌通","76.1","+2.7","61.5","57.3","44.1","35.2","+17.3","+22.9","+9.03","+76.4","+117","+163","+0.8","78.2","83.5","96.9","96.9"
="4958","臻鼎-KY","102.5","+0.49","92","90.2","88.6","84","+0.49","+9.28","+6.33","+15.4","-16.7","+3,165","+17.3","104.5","104.5","109","129.5"
="4960","誠美材","12.6","+3.28","11.15","10","10","9.54","-1.95","+11","+10.5","+20","+33.6","+9,638","+20.2","12.95","12.95","13.85","16"
="4961","天鈺","226","+2.26","180.5","175.5","175.5","37.1","+4.63","+22.2","-14.2","+7.36","+511","-869","-2.14","232.5","269.5","348","395"
="4968","立積","305","+1.67","222.5","206","206","206","+6.64","+34.7","-17.9","-31.8","+2.01","-127","-1.93","335.5","410","558","688"
="4976","佳凌","68.2","+4.92","57.8","56","56","48.5","+4.12","+16.2","+7.91","+6.73","+40.3","-465","-5.09","74","75","106","126.5"
="4989","榮科","43.5","+3.57","39.45","37.05","31.3","17.8","+3.2","+8.34","+0.23","+40.1","+143","+44","+0.24","45.9","51","59.9","59.9"
="5009","榮剛","21.75","-1.81","20.8","20.8","17","15.15","-1.81","-4.4","-17.6","+31","+39.9","-4,647","-12.7","23.65","27.75","29.75","29.75"
="5014","建錩","22","+1.62","20.35","19.6","14.2","11.55","+2.09","+5.52","-3.72","+57.1","+102","-1,242","-5.03","22.65","27","30","30"
="5222","全訊","217.5","-0.23","","","","","+15.7","","","","","-377","-2.08","","","",""
="5227","立凱-KY","50.6","+10","27.45","21.8","8.9","8.85","+15.8","+91.3","+76.9","+471","+237","+57","+0.5","50.6","50.6","50.6","50.6"
="5243","乙盛-KY","70","+4.48","63.8","54.5","53","37.05","+8.36","+0.72","+16.3","+33.6","+87.2","+815","+7.01","72.3","72.3","76.4","84"
="5263","智崴","162","+4.18","112","106","105.5","97.8","+23.7","+43.4","+39.7","+57.3","+49.3","+123","+0.59","170.5","170.5","170.5","170.5"
="5272","笙科","40.55","+4.65","31.1","30.1","24.65","17.6","+10.9","+28.9","+18","+67.9","+127","+412","+4.67","41.8","45.35","45.4","46.9"
="5285","界霖","117.5","+6.82","106","83.2","59","47.9","+9.81","+2.62","+7.31","+104","+143","-996","-6.81","141","141","143.5","143.5"
="5302","太欣","14.4","+9.92","11.05","10.5","10.5","6.42","+19","+25.2","+3.97","+26.9","+119","+49","+1.41","14.4","15.8","19.6","22.45"
="5309","系統電","41.55","+9.92","31.5","28.35","25","23.9","+9.34","+29.4","+42.5","+67.5","-9.18","-415","-0.83","42","42","42","55.5"
="5347","世界","153.5","-0.32","138.5","129","103","96.8","+1.99","+6.6","+11.6","+46.9","+59.7","+2,395","+4.52","163","177","177","177"
="5351","鈺創","82","+0.61","41.8","36.3","20.15","16.35","-0.61","+96.6","+101","+312","+398","+3,864","+3.52","84","84","84","84"
="5371","中光電","90.9","+9.92","53.7","52.1","52.1","34.3","+33.7","+69.3","+69","+71.5","+161","-566","-0.52","90.9","90.9","90.9","90.9"
="5410","國眾","24.45","+3.16","22.2","21.4","21.4","20.3","+6.54","+9.64","+12.4","+12.2","+16.4","+36","+2.75","25.3","25.3","25.3","25.3"
="5425","台半","81.1","-1.93","66.2","56","39.4","38.55","+1.12","+23.3","+9.59","+110","+69","-300","-0.27","94.5","94.5","105","105"
="5457","宣德","81.1","0","79.8","72.2","56.9","53.2","-1.7","+0.87","+9.45","+37.2","-24.2","-1,002","-5.7","89.2","94.4","98.4","118.5"
="5469","瀚宇博","46.5","+4.97","39.6","37.9","37.9","37.9","+5.44","+17.3","+11.8","+19.4","+7.64","+2,137","+19.4","46.55","46.55","51.2","54"
="5483","中美晶","193.5","+0.26","175.5","160","146.5","114","+1.04","+5.16","+12.2","+33.4","+70.5","+2,773","+11.2","200.5","200.5","221","221"
="5608","四維航","42.7","+0.35","39.75","39.75","23.4","6.96","-3.61","-3.61","-12","+69.4","+502","-39","-0.06","46.2","70.3","76.3","76.3"
="5609","中菲行","98","-1.51","83.1","83.1","67.4","55.4","+0.62","+12.6","-7.11","+46.7","+48.9","+406","+1.77","102","121.5","160","160"
="5871","中租-KY","248.5","-1.39","233","223","190","150.5","-4.97","+6.42","+9.47","+32.9","+56.3","-2,492","-15.1","276","283.5","283.5","283.5"
="5880","合庫金","23.55","+0.43","22.25","20.9","20.15","19.15","+3.29","+5.84","+12.1","+17.2","+16.6","+4,877","+8.35","23.85","23.85","23.85","23.85"
="6005","群益證","16.1","+0.94","15","14.5","14.5","11.4","+2.55","+7.33","+9.15","+7.33","+42.5","+4,176","+14.6","16.2","16.2","17.95","19.6"
="6016","康和證","13.5","-2.17","11.35","11.1","11.1","9.27","+4.65","+19.5","+5.06","-9.7","+46.1","+303","+1.5","14","14","18.3","19.65"
="6104","創惟","182","+9.97","116.5","96.9","50","48","+31.4","+50.4","+77.6","+279","+149","+798","+0.4","182","182","182","182"
="6116","彩晶","15.15","0","13.25","13.25","13.25","9.22","-1.94","+11","-16.8","-7.06","+61.7","-7,655","-4.22","15.6","18.8","25.9","30.7"
="6121","新普","326.5","+9.2","278.5","273.5","273.5","273.5","+12","+17.9","+4.48","-3.83","+3.65","-1,473","-24.8","326.5","326.5","380","397.5"
="6125","廣運","28.25","+6.6","25.7","21.6","19.1","19","+5.41","+5.02","+18.2","+48.3","-22.6","+1,002","+10.5","28.8","29.8","29.8","37.2"
="6129","普誠","35.05","+2.04","27.4","23.85","23.85","7.75","+14","+29.1","+14.9","+47","+348","+808","+3.57","37.2","37.2","45","57"
="6138","茂達","213","+9.79","153.5","140.5","117","78.2","+16.7","+40.1","+32.7","+84.4","+157","+904","+4.55","213","213","213","213"
="6140","訊達","22.65","+9.95","15.15","14.5","12.75","12.35","+36.4","+49.5","+54.1","+83.4","+9.42","+102","+2.83","22.65","22.65","22.65","25.8"
="6147","頎邦","68.2","+2.25","61.3","60.3","60.3","60.3","+3.49","+9.82","-7.71","+8.6","+4.92","-538","-1.54","68.5","88.3","88.3","88.3"
="6150","撼訊","163.5","-0.61","144.5","114.5","114.5","82.2","0","+6.17","+17.6","+17.6","+99.4","-2,148","-4.06","182","182","193","245"
="6168","宏齊","27.05","+5.05","23.15","21.6","16.7","13.95","+3.44","+15.4","+0.56","+66.5","+93.2","+446","+3.09","30.25","30.25","36.75","36.75"
="6182","合晶","67.4","+0.9","56.1","54.5","42.7","32.85","+1.2","+14.6","+13.9","+63","+105","+2,484","+1.29","71","74.4","76.3","76.3"
="6190","萬泰科","26.8","-0.74","22.25","21.85","18.3","15.8","-2.19","+16.8","+16.5","+48.5","+68","+101","+0.18","29.75","29.75","30.7","31.25"
="6191","精成科","38.4","+2.67","32.2","30","26.6","22.85","+3.78","","+17.3","+48.8","+68.4","+3,563","+21.9","38.5","38.5","41","41"
="6196","帆宣","157.5","+9.76","112","101","89.9","87","+35.8","+34.6","+47.2","+77","+41.9","+4,903","+8.07","157.5","157.5","157.5","157.5"
="6202","盛群","109","+2.35","100.5","100.5","83.9","69.6","+4.81","-1.36","-10.3","+30.7","+57.1","+1,644","+18.7","120","134.5","151.5","151.5"
="6205","詮欣","47.7","+5.07","29.75","29.6","28.35","27.15","+12.8","+59.3","+49.3","+69.4","+29.1","+188","+2.87","48.8","48.8","48.8","55"
="6209","今國光","34.7","+9.98","27.55","24.55","24.55","24.55","+16.8","+25","+18.8","+24.8","+8.61","+934","+13.5","34.7","34.7","38.55","46.45"
="6217","中探針","59.8","0","49.15","37.1","29.8","28.85","+1.01","+20.6","+53.7","+103","+79.8","+2,017","+5.76","65.3","65.3","65.3","65.3"
="6219","富旺","19.6","-3.69","17.6","17.6","17.6","15.85","+3.98","+8.29","-7.55","-11.3","+23.7","-1,462","-3.26","21","21.4","24.35","27.5"
="6223","旺矽","123.5","+7.39","113","98.5","90.7","87.6","+1.65","+7.39","-9.52","+40.3","+6.93","+601","+6.09","131","170","173","173"
="6226","光鼎","15.05","+0.67","12.95","11.9","7.83","7.6","+1.01","+15.3","-0.66","+95.2","+89.3","-684","-1.79","18.3","18.3","20.3","20.3"
="6229","研通","48.05","+9.95","38.9","33.4","26.9","21.6","+7.02","+24.6","+16.6","+82.7","+123","+36","+0.56","48.05","51.9","56","56"
="6233","旺玖","40.35","+6.18","34","32","29","24.9","+9.2","+17","+3.07","+42.8","+62.4","+456","+11.6","41.8","46.6","53.5","55.4"
="6237","驊訊","123.5","+9.78","72","66.8","66.8","40.9","+18.2","+66.2","+5.56","+38.8","+193","+1,449","+3.27","123.5","133","161.5","177"
="6239","力成","99.3","+1.33","93.5","93.5","93.5","89.5","+2.37","+2.27","-7.2","+3.12","+10.6","-3,325","-18.5","101.5","112.5","116","117"
="6244","茂迪","32.95","+3.78","29.5","27.25","27.25","25.95","-2.51","+7.86","+17.5","+22.3","+0.92","+824","+2.47","35.3","35.3","36.2","43.25"
="6251","定穎","21.85","+2.58","18.9","18.5","15.9","15.75","+0.46","+13.5","+3.07","+38.7","+22.4","+1,347","+8.63","23","25.4","25.4","25.4"
="6257","矽格","61.4","+2.85","55.2","53.5","45.5","40.85","+1.99","+8.87","+1.15","+36.6","+50.5","-957","-4.83","61.5","68.1","72.7","72.7"
="6261","久元","89.4","+3.11","79.8","70.4","68.8","56.5","+3.35","+11.8","+2.29","+32.1","+57.4","-30","-0.41","90.5","92","106.5","106.5"
="6265","方土昶","11.25","-3.85","10.15","9.64","7.15","6.48","-1.32","+6.64","+9.76","+58.7","+72.3","+1,846","+20.3","12.85","12.85","12.85","12.85"
="6269","台郡","101.5","+3.68","92.2","92","92","92","+1.81","+5.95","-12.5","-10.6","-12.9","+1,236","+8.86","103","122.5","142","142"
="6271","同欣電","302.5","+10","231.5","208","152","136.5","+13.7","+28.7","+26.6","+100","+123","-33","-0.06","302.5","302.5","302.5","302.5"
="6278","台表科","126","+3.7","100.5","97.1","95.4","91.1","+14","+26","+18.9","+34.8","+9.57","-245","-0.54","127","127","138.5","139"
="6282","康舒","37.25","+3.91","26.8","25.05","23.25","22.5","+7.35","+39","+40.8","+62","+39.5","-4,267","-1.8","38.8","38.8","38.8","38.8"
="6285","啟碁","75.7","+1.61","69.6","67.6","60.6","58.8","-2.32","+6.77","+8.92","+24.1","-7.46","-1,614","-5.39","80.6","80.6","81","85.5"
="6290","良維","54.1","-6.56","52","50.8","50.8","49.9","+2.85","-2.35","+2.08","+3.84","+2.46","-823","-1.96","58.8","60.2","84.7","84.7"
="6411","晶焱","290","+9.85","187.5","127","108","88.4","+34.9","+46.1","+105","+175","+225","+1,829","+1.78","290","290","290","290"
="6438","迅得","113.5","+8.1","97.6","92.9","82.9","77.2","+12.9","+15.2","+2.71","+39.6","+39.4","+1","+0.02","115","121","125","129"
="6443","元晶","36.75","+4.85","30.1","26.25","26.25","26.25","-2.26","+17.6","+33.6","+28.3","+11","-29","-0.01","40.9","40.9","40.9","48.95"
="6457","紘康","204","+4.62","149","139","139","62.6","+27.5","+36.9","+33.8","+48.9","+220","+1,876","+13.6","210","210","210","215"
="6477","安集","42.1","+0.24","41.35","30.15","30.15","30.15","-7.27","-1.86","+12.9","+12.1","-27.7","-216","-0.67","50.6","50.6","53","76.3"
="6485","點序","161.5","+5.56","112.5","100","83.9","25.4","+26.2","+42.3","+16.6","+97.7","+527","+553","+0.68","163","171","191","191"
="6509","聚和","69.5","+2.81","55.4","49.1","27.65","23.45","+3.73","+23","+32.6","+144","+177","-6,707","-7.56","82.9","82.9","82.9","82.9"
="6531","愛普*","553","+0.55","372.5","372.5","372.5","356","+7.8","+47.5","-9.05","+6.76","+55.1","-1,339","-2.96","625","808","808","937"
="6548","長科*","106.5","+2.4","93.3","87","52.6","46.15","+6.5","+14","+12","+104","+129","+582","+7.05","111.5","115.5","115.5","115.5"
="6706","惠特","214.5","+3.87","186","157","137.5","129.5","-2.94","+13.8","+25.4","+59.5","+43","+1,701","+7.63","232","232","232","233"
="6756","威鋒電子","484","+0.1","398.5","373.5","218","","-1.73","+19.1","+20.4","+126","","+579","+1.96","539","554","562",""
="6806","森崴能源","117","+12","","","","","","","","","","0","0","","","",""
="8016","矽創","282","+2.55","223","218","218","135","+4.83","+22.9","-19.9","+25.3","+110","-1,018","-5.13","288","355","416.5","416.5"
="8021","尖點","41.75","+2.71","37.4","35.05","35","25.2","+2.2","+10.7","+5.96","+20.3","+57.8","-5,529","-26","46.9","46.9","49.5","49.5"
="8040","九暘","79.7","+9.93","52.2","49.05","36.2","15.6","+23","+52.4","+36.7","+125","+411","-50","-0.12","79.7","79.7","81.4","81.4"
="8046","南電","562","-2.09","404.5","343","291.5","133.5","+4.85","+35.9","+49.7","+86.1","+321","+2,881","+7.3","591","591","591","591"
="8054","安國","60.8","+9.95","43.7","38.6","35","17.55","+17.8","+38.8","+31.6","+78.8","+246","+535","+2.42","60.8","60.8","73.7","73.7"
="8069","元太","92.9","-1.17","77.9","64.2","53.4","38.9","+5.21","+17.6","+21.9","+78","+136","+17","+0.02","99.8","99.8","99.8","99.8"
="8103","瀚荃","50.2","+1.62","40.7","37.75","34.3","30.45","+2.87","+24.3","+18","+49","+64.1","+1,633","+9.23","51.8","51.8","51.8","52.1"
="8110","華東","18.45","+3.94","16.65","15.35","12.4","10.9","+5.73","+9.5","-4.16","+50.6","+69.3","-16","-0.1","18.7","21.25","27.15","27.15"
="8114","振樺電","106.5","+5.45","78.4","74","68","66.5","+18.3","+35.5","+43.5","+57.8","+33.1","+169","+5.41","110.5","110.5","110.5","110.5"
="8150","南茂","47.15","+3.06","43.7","42.1","40.05","29.65","+0.53","+4.55","-12.5","+18.9","+59.8","-18,676","-41.5","47.95","61.4","61.4","61.4"
="8182","加高","52.9","+1.73","41.4","40.2","29.4","26.05","+16.5","+27.5","+18.6","+82.4","+97","-72","-0.38","54","54","58.4","58.4"
="8183","精星","50.9","+9.82","38.75","34.15","34.15","18","+10.4","+30.5","+17.3","+51.5","+177","+189","+2.48","51.9","51.9","60.7","61.8"
="8215","明基材","37.45","+2.32","30.65","30.1","22.2","21.15","+1.77","+19.1","+7.15","+72.2","+57.7","-3,142","-9.96","40.2","41.5","43.5","43.5"
="8255","朋程","247.5","+1.64","210.5","182","99.3","93.5","-1.79","+14.6","+23.8","+153","+161","-129","-0.37","297","297","297","297"
="8261","富鼎","111","+0.91","85.7","75.2","52.9","40.5","+5.71","+27","+11","+113","+164","-399","-1.18","116","116","137","137"
="8289","泰藝","36.1","+7.6","29.2","25.1","14.65","11.25","+22.4","+23","+39.4","+153","+213","+569","+4.03","36.7","37","37","37"
="8358","金居","83.9","+9.96","72.1","62.4","62.4","41.6","+13.4","+14.3","+12","+26.2","+95.6","+2,763","+7.73","83.9","84.3","92.9","92.9"
="8415","大國鋼","35.5","-2.87","32.9","32.9","30","25.25","-5.08","-0.7","-7.07","+19.9","+37.1","-1,903","-3.67","39.45","43.35","45.35","45.35"
="8422","可寧衛","244","+5.17","200.5","166","163.5","158","+15.1","+15.1","+46.1","+45.2","+51.6","-64","-0.53","249.5","249.5","249.5","249.5"
="9103","美德醫療-DR","12.5","+2.46","12","12","12","12","+1.21","-0.79","-28.4","-62.9","-57.6","-496","-7.01","12.95","20.35","37","37"
="9904","寶成","34.75","+1.02","33.15","31.55","31.55","27.85","+1.61","+4.67","+3.42","+9.79","+20","+572","+2.83","35.8","35.8","40.5","40.5"
="9945","潤泰新","69","+0.73","55.3","54.1","49.05","38.5","+2.22","+25","+4.7","+42.4","+69.5","-2,462","-5.95","72.1","85.7","85.7","85.7"
